Banana,100% Whole Wheat Bread
Bag of Organic Bananas,Apple Honeycrisp Organic
Apple Honeycrisp Organic,Banana
Apple Honeycrisp Organic,Organic Baby Spinach
Apple Honeycrisp Organic,Organic Hass Avocado
Apple Honeycrisp Organic,Organic Strawberries
Asparagus,Banana
Bag of Organic Bananas,Fresh Cauliflower
Bag of Organic Bananas,Large Lemon
Limes,Bag of Organic Bananas
Bag of Organic Bananas,Organic Avocado
Bag of Organic Bananas,Organic Baby Carrots
Bag of Organic Bananas,Organic Baby Spinach
Organic Blueberries,Bag of Organic Bananas
Bag of Organic Bananas,Organic Cilantro
Bag of Organic Bananas,Organic Cucumber
Bag of Organic Bananas,Organic D'Anjou Pears
Bag of Organic Bananas,Organic Gala Apples
Organic Garlic,Bag of Organic Bananas
Bag of Organic Bananas,Organic Garnet Sweet Potato (Yam)
Bag of Organic Bananas,Organic Granny Smith Apple
Bag of Organic Bananas,Organic Grape Tomatoes
Bag of Organic Bananas,Organic Half & Half
Bag of Organic Bananas,Organic Hass Avocado
Organic Kiwi,Bag of Organic Bananas
Bag of Organic Bananas,Organic Large Extra Fancy Fuji Apple
Bag of Organic Bananas,Organic Lemon
Bag of Organic Bananas,Organic Navel Orange
Bag of Organic Bananas,Organic Raspberries
Bag of Organic Bananas,Organic Red Bell Pepper
Bag of Organic Bananas,Organic Red Onion
Bag of Organic Bananas,Organic Small Bunch Celery
Bag of Organic Bananas,Organic Strawberries
Bag of Organic Bananas,Organic Tomato Cluster
Bag of Organic Bananas,Organic Unsweetened Almond Milk
Bag of Organic Bananas,Organic Whole Milk
Bag of Organic Bananas,Organic Whole String Cheese
Bag of Organic Bananas,Organic Yellow Onion
Organic Zucchini,Bag of Organic Bananas
Strawberries,Bag of Organic Bananas
Banana,Bartlett Pears
Banana,Blueberries
Boneless Skinless Chicken Breasts,Banana
Broccoli Crown,Banana
Carrots,Banana
Cucumber Kirby,Banana
Fresh Cauliflower,Banana
Half & Half,Banana
Banana,Honeycrisp Apple
Banana,Large Lemon
Limes,Banana
Michigan Organic Kale,Banana
Organic Avocado,Banana
Banana,Organic Baby Arugula
Banana,Organic Baby Carrots
Organic Baby Spinach,Banana
Organic Blackberries,Banana
Organic Blueberries,Banana
Organic Cucumber,Banana
Organic Fuji Apple,Banana
Organic Gala Apples,Banana
Organic Garlic,Banana
Banana,Organic Grape Tomatoes
Banana,Organic Half & Half
Organic Hass Avocado,Banana
Organic Peeled Whole Baby Carrots,Banana
Organic Raspberries,Banana
Organic Strawberries,Banana
Organic Whole Milk,Banana
Organic Whole String Cheese,Banana
Banana,Organic Yellow Onion
Organic Zucchini,Banana
Banana,Original Hummus
Red Onion,Banana
Banana,Red Peppers
Red Vine Tomato,Banana
Seedless Red Grapes,Banana
Banana,Small Hass Avocado
Sparkling Water Grapefruit,Banana
Strawberries,Banana
Yellow Onions,Banana
Limes,Bunched Cilantro
Cucumber Kirby,Organic Avocado
Cucumber Kirby,Organic Baby Spinach
Limes,Large Lemon
Organic Avocado,Large Lemon
Organic Baby Spinach,Large Lemon
Organic Garlic,Large Lemon
Organic Hass Avocado,Large Lemon
Organic Strawberries,Large Lemon
Sparkling Water Grapefruit,Lime Sparkling Water
Limes,Organic Avocado
Limes,Organic Baby Spinach
Limes,Organic Cilantro
Limes,Organic Garlic
Limes,Organic Hass Avocado
Limes,Organic Lemon
Limes,Organic Strawberries
Limes,Organic Yellow Onion
Organic Baby Spinach,Organic Avocado
Organic Garlic,Organic Avocado
Organic Strawberries,Organic Avocado
Organic Avocado,Organic Yellow Onion
Strawberries,Organic Avocado
Organic Baby Spinach,Organic Baby Arugula
Organic Baby Spinach,Organic Baby Carrots
Organic Strawberries,Organic Baby Carrots
Organic Blueberries,Organic Baby Spinach
Organic Cucumber,Organic Baby Spinach
Organic Garlic,Organic Baby Spinach
Organic Baby Spinach,Organic Grape Tomatoes
Organic Baby Spinach,Organic Hass Avocado
Organic Baby Spinach,Organic Raspberries
Organic Small Bunch Celery,Organic Baby Spinach
Organic Baby Spinach,Organic Strawberries
Organic Whole Milk,Organic Baby Spinach
Organic Baby Spinach,Organic Yellow Onion
Organic Zucchini,Organic Baby Spinach
Strawberries,Organic Baby Spinach
Organic Strawberries,Organic Blackberries
Organic Blueberries,Organic Raspberries
Organic Blueberries,Organic Strawberries
Organic Cucumber,Organic Hass Avocado
Organic Cucumber,Organic Strawberries
Organic Strawberries,Organic Gala Apples
Organic Garlic,Organic Hass Avocado
Organic Garlic,Organic Strawberries
Organic Garlic,Organic Yellow Onion
Organic Hass Avocado,Organic Grape Tomatoes
Organic Strawberries,Organic Grape Tomatoes
Organic Hass Avocado,Organic Lemon
Organic Hass Avocado,Organic Raspberries
Organic Strawberries,Organic Hass Avocado
Organic Hass Avocado,Organic Tomato Cluster
Organic Whole Milk,Organic Hass Avocado
Organic Hass Avocado,Organic Yellow Onion
Organic Zucchini,Organic Hass Avocado
Organic Strawberries,Organic Large Extra Fancy Fuji Apple
Organic Strawberries,Organic Lemon
Organic Strawberries,Organic Raspberries
Organic Whole Milk,Organic Strawberries
Organic Strawberries,Organic Yellow Onion
Organic Zucchini,Organic Strawberries
Organic Strawberries,Original Hummus
Strawberries,Raspberries
